epoch,train_stft_l1,train_stft_mse,train_energy_l1,train_onset_l1,train_spectral_convergence,train_loss,val_stft_l1,val_stft_mse,val_energy_l1,val_onset_l1,val_spectral_convergence,val_loss,val_base_stft_l1,val_base_stft_mse,val_base_energy_l1,val_base_onset_l1,val_base_spectral_convergence,val_base_loss
1,0.031629318837076426,0.010753345908597112,0.00893381389323622,0.0013739977439399809,0.5037032589316368,0.05681448243558407,0.031180616933852434,0.010710711474530399,0.008554392028599977,0.0013693993823835626,0.5027193427085876,0.056316585280001163,0.03153642825782299,0.010831114836037159,0.00959892338141799,0.0013756426778854802,0.5018264576792717,0.05662775132805109
2,0.031020051799714565,0.010684981127269566,0.008599399705417454,0.001369939447613433,0.4986739009618759,0.05595374759286642,0.030740608926862478,0.01061646593734622,0.008415678166784346,0.0013677434326382354,0.5022183582186699,0.055851527489721775,0.03153642825782299,0.010831114836037159,0.00959892338141799,0.0013756426778854802,0.5018264576792717,0.05662775132805109
3,0.03072072798386216,0.010636176797561347,0.008428687113337219,0.0013683551514986902,0.5075809583067894,0.05609977804124355,0.030424198135733604,0.010561236180365086,0.008259523310698569,0.0013678198301931843,0.5014714151620865,0.05549776926636696,0.03153642825782299,0.010831114836037159,0.00959892338141799,0.0013756426778854802,0.5018264576792717,0.05662775132805109
4,0.030321668833494186,0.010534422239288688,0.00830093608237803,0.0013678005489055067,0.498067744076252,0.055225055664777756,0.03007767302915454,0.010491637280210853,0.00838856806512922,0.0013685379963135347,0.5022312253713608,0.05518923420459032,0.03153642825782299,0.010831114836037159,0.00959892338141799,0.0013756426778854802,0.5018264576792717,0.05662775132805109
5,0.030060598626732826,0.010481803328730166,0.00850537174846977,0.0013684546574950218,0.499089352786541,0.055015066638588905,0.02992120012640953,0.010424860054627061,0.008376040612347424,0.0013668754691025242,0.501204326748848,0.05498141795396805,0.03153642825782299,0.010831114836037159,0.00959892338141799,0.0013756426778854802,0.5018264576792717,0.05662775132805109
6,0.029965871945023537,0.01039921457413584,0.008323854999616742,0.0013665883452631533,0.4990110695362091,0.05491642467677593,0.029784587677568197,0.010339310858398676,0.008389249560423195,0.0013661325356224552,0.5009045079350471,0.05482981167733669,0.03153642825782299,0.010831114836037159,0.00959892338141799,0.0013756426778854802,0.5018264576792717,0.05662775132805109
7,0.029810376930981874,0.010367714683525264,0.008549649734050035,0.0013658195530297235,0.49853312224149704,0.05473703145980835,0.02968738554045558,0.010415973956696689,0.008890039985999465,0.0013661260600201786,0.5000619813799858,0.05469048582017422,0.03153642825782299,0.010831114836037159,0.00959892338141799,0.0013756426778854802,0.5018264576792717,0.05662775132805109
8,0.029758738819509745,0.010454352013766766,0.008920079097151756,0.0013662801939062774,0.4984489530324936,0.05468118656426668,0.029641988221555948,0.01034953584894538,0.008526820340193808,0.0013636864168802276,0.4982689544558525,0.05455543752759695,0.03153642825782299,0.010831114836037159,0.00959892338141799,0.0013756426778854802,0.5018264576792717,0.05662775132805109
9,0.029685968067497015,0.010343482019379735,0.00855671800673008,0.0013634406204801053,0.49099989980459213,0.05423596315085888,0.029606293886899948,0.010286601260304451,0.008438869728706777,0.0013642176345456392,0.495817132294178,0.054397149942815304,0.03153642825782299,0.010831114836037159,0.00959892338141799,0.0013756426778854802,0.5018264576792717,0.05662775132805109
10,0.029753481969237328,0.01036332140211016,0.00838813406880945,0.001365169882774353,0.49799132347106934,0.0546530494466424,0.029571276158094406,0.010283756884746253,0.008247994119301438,0.0013620278186863288,0.4941142499446869,0.05427698791027069,0.03153642825782299,0.010831114836037159,0.00959892338141799,0.0013756426778854802,0.5018264576792717,0.05662775132805109
11,0.02964807115495205,0.010279456269927323,0.008675796329043806,0.001362630631774664,0.5003085359930992,0.05466349795460701,0.02947950456291437,0.01021635311190039,0.008505263365805149,0.0013632483751280233,0.49880245327949524,0.054419626481831074,0.03153642825782299,0.010831114836037159,0.00959892338141799,0.0013756426778854802,0.5018264576792717,0.05662775132805109
12,0.02955521270632744,0.0102982132229954,0.008640249958261847,0.0013649924658238888,0.49809033423662186,0.054459729231894016,0.029428391251713037,0.01028974016662687,0.00860801781527698,0.0013649098400492221,0.49421606957912445,0.05413919594138861,0.03153642825782299,0.010831114836037159,0.00959892338141799,0.0013756426778854802,0.5018264576792717,0.05662775132805109
13,0.029472182039171457,0.010267759906128049,0.008546378463506699,0.0013633766502607614,0.4948152080178261,0.054212942719459534,0.02937494497746229,0.010185522260144353,0.0082459959667176,0.0013617096556117758,0.49141447991132736,0.05394567083567381,0.03153642825782299,0.010831114836037159,0.00959892338141799,0.0013756426778854802,0.5018264576792717,0.05662775132805109
14,0.029451840091496706,0.010211983579210937,0.008328893105499446,0.0013614834751933813,0.48886096477508545,0.05389488860964775,0.029408558271825314,0.010220155934803188,0.008228428894653916,0.0013616817013826221,0.487933911383152,0.05380525439977646,0.03153642825782299,0.010831114836037159,0.00959892338141799,0.0013756426778854802,0.5018264576792717,0.05662775132805109
15,0.029398320708423853,0.010247662314213812,0.008524330332875252,0.0013624121493194252,0.48362620174884796,0.05357963126152754,0.029202086851000786,0.010128152556717396,0.008378166472539306,0.0013621328835142776,0.48635052144527435,0.05351961310952902,0.03153642825782299,0.010831114836037159,0.00959892338141799,0.0013756426778854802,0.5018264576792717,0.05662775132805109
16,0.029249574523419142,0.010138337966054678,0.008430385845713317,0.0013617280055768788,0.48429469019174576,0.0534643093124032,0.02926140883937478,0.010189629043452442,0.008139162207953632,0.0013611297617899254,0.4820393696427345,0.053363378159701824,0.03153642825782299,0.010831114836037159,0.00959892338141799,0.0013756426778854802,0.5018264576792717,0.05662775132805109
17,0.029233442153781652,0.010130636626854539,0.008379907812923193,0.0013606568390969187,0.4878250062465668,0.053624692372977734,0.029056162107735872,0.009987449273467064,0.008158695651218295,0.0013605094572994858,0.4788326770067215,0.05299779586493969,0.03153642825782299,0.010831114836037159,0.00959892338141799,0.0013756426778854802,0.5018264576792717,0.05662775132805109
18,0.02913586050271988,0.010072850855067372,0.008262602612376213,0.0013606280263047665,0.4852779135107994,0.053399755619466305,0.029097468126565218,0.009991485509090126,0.008062763256020844,0.001360601992928423,0.4811798855662346,0.05315646156668663,0.03153642825782299,0.010831114836037159,0.00959892338141799,0.0013756426778854802,0.5018264576792717,0.05662775132805109
19,0.029168353881686926,0.010020303074270487,0.008087605470791459,0.0013626566505990922,0.4855836108326912,0.05344753433018923,0.028990789782255888,0.009958941373042762,0.008284200564958155,0.0013632702030008659,0.4748210608959198,0.052731841802597046,0.03153642825782299,0.010831114836037159,0.00959892338141799,0.0013756426778854802,0.5018264576792717,0.05662775132805109
20,0.029078629333525896,0.010111281066201627,0.008895214647054672,0.0013636763906106353,0.47784218937158585,0.052970740012824535,0.028924208134412766,0.009950035135261714,0.008334428770467639,0.0013612648472189903,0.47580457478761673,0.05271443724632263,0.03153642825782299,0.010831114836037159,0.00959892338141799,0.0013756426778854802,0.5018264576792717,0.05662775132805109
21,0.029015544336289167,0.009955150773748755,0.008113782620057464,0.001360837632091716,0.4786614403128624,0.052948616445064545,0.029065588023513556,0.009927149745635688,0.008014059043489397,0.001362367271212861,0.4697904884815216,0.05255511309951544,0.03153642825782299,0.010831114836037159,0.00959892338141799,0.0013756426778854802,0.5018264576792717,0.05662775132805109
22,0.029137945268303156,0.009940950316376984,0.008175929193384945,0.001362549519399181,0.48201150447130203,0.053238520398736,0.028885886073112488,0.009934187051840127,0.008068942814134061,0.0013629482709802687,0.46688923984766006,0.052230349741876125,0.03153642825782299,0.010831114836037159,0.00959892338141799,0.0013756426778854802,0.5018264576792717,0.05662775132805109
23,0.029209021013230085,0.010219168267212808,0.008199489559046924,0.0013633435009978712,0.4714437425136566,0.05278120841830969,0.029031458776444197,0.009963438496924937,0.007919165189377964,0.0013606693391920999,0.47337913513183594,0.05270041525363922,0.03153642825782299,0.010831114836037159,0.00959892338141799,0.0013756426778854802,0.5018264576792717,0.05662775132805109
24,0.0291006644256413,0.00995738129131496,0.008462259196676314,0.0013613231421913952,0.48689596354961395,0.05344546306878328,0.028840682934969664,0.009902754216454923,0.008414449286647141,0.0013605779968202114,0.47548217326402664,0.05261479318141937,0.03153642825782299,0.010831114836037159,0.00959892338141799,0.0013756426778854802,0.5018264576792717,0.05662775132805109
25,0.029028877150267363,0.010090011521242559,0.008447564207017422,0.0013612720358651131,0.47788582742214203,0.05292316805571318,0.028933530673384666,0.010040288791060448,0.008065982488915324,0.0013592108152806759,0.47471822053194046,0.052669442258775234,0.03153642825782299,0.010831114836037159,0.00959892338141799,0.0013756426778854802,0.5018264576792717,0.05662775132805109
26,0.028921515680849552,0.009978697402402759,0.00822914659511298,0.0013600880047306418,0.4753037393093109,0.05268670246005058,0.02876818273216486,0.009813042008318007,0.008044656016863883,0.0013582844840129837,0.4738227427005768,0.052459320053458214,0.03153642825782299,0.010831114836037159,0.00959892338141799,0.0013756426778854802,0.5018264576792717,0.05662775132805109
27,0.028825193643569946,0.00982100993860513,0.008079424151219428,0.0013585878623416647,0.46926282346248627,0.05228833481669426,0.028751513455063105,0.009849553229287267,0.008035770035348833,0.0013582777319243178,0.467912495136261,0.05214713979512453,0.03153642825782299,0.010831114836037159,0.00959892338141799,0.0013756426778854802,0.5018264576792717,0.05662775132805109
28,0.028840830083936453,0.009892237256281078,0.008206713944673538,0.0013580477534560487,0.4771358519792557,0.05269762221723795,0.02874218299984932,0.009751874138601124,0.007797701167874038,0.0013578511716332287,0.4623494893312454,0.05185965821146965,0.03153642825782299,0.010831114836037159,0.00959892338141799,0.0013756426778854802,0.5018264576792717,0.05662775132805109
29,0.02879334194585681,0.009785339119844139,0.007818532059900463,0.0013581674138549715,0.4584788456559181,0.05171728413552046,0.028636189177632332,0.009732915554195642,0.007822748739272356,0.0013585278793470934,0.4563419818878174,0.05145328864455223,0.03153642825782299,0.010831114836037159,0.00959892338141799,0.0013756426778854802,0.5018264576792717,0.05662775132805109
30,0.02866382384672761,0.009729920187965035,0.007967831450514495,0.0013584328989963979,0.4571928083896637,0.05152346473187208,0.02855673572048545,0.009666774072684348,0.008084193803369999,0.0013593989715445787,0.450582817196846,0.051085878163576126,0.03153642825782299,0.010831114836037159,0.00959892338141799,0.0013756426778854802,0.5018264576792717,0.05662775132805109
31,0.028644581325352192,0.009733156417496502,0.00806144264061004,0.0013612992770504206,0.46618635207414627,0.051953899674117565,0.02851086063310504,0.009544759057462215,0.00793367950245738,0.001361487084068358,0.45269008725881577,0.05114536453038454,0.03153642825782299,0.010831114836037159,0.00959892338141799,0.0013756426778854802,0.5018264576792717,0.05662775132805109
32,0.028615806717425585,0.00971367338206619,0.008108832174912095,0.0013600564416265115,0.4546126574277878,0.051346439868211746,0.02848757477477193,0.009673941181972623,0.00803585967514664,0.001358547800919041,0.4473055526614189,0.05085285287350416,0.03153642825782299,0.010831114836037159,0.00959892338141799,0.0013756426778854802,0.5018264576792717,0.05662775132805109
33,0.028750584926456213,0.00975854299031198,0.008062368957325816,0.0013584613625425845,0.4626410976052284,0.051882640458643436,0.028572179842740297,0.009641092619858682,0.007592696929350495,0.0013578105717897415,0.44497524946928024,0.05082094296813011,0.03153642825782299,0.010831114836037159,0.00959892338141799,0.0013756426778854802,0.5018264576792717,0.05662775132805109
34,0.028553062584251165,0.009608419495634735,0.007726361625827849,0.001357831060886383,0.44800129532814026,0.05095312837511301,0.028384685050696135,0.009512686170637608,0.008051743381656706,0.001359253452392295,0.44746537506580353,0.05075795575976372,0.03153642825782299,0.010831114836037159,0.00959892338141799,0.0013756426778854802,0.5018264576792717,0.05662775132805109
35,0.028530816081911325,0.009665795369073749,0.00807449349667877,0.0013596600329037756,0.4559623897075653,0.05132893659174442,0.028303404338657856,0.009491335484199226,0.007910199463367462,0.0013592446339316666,0.4378720298409462,0.05019700527191162,0.03153642825782299,0.010831114836037159,0.00959892338141799,0.0013756426778854802,0.5018264576792717,0.05662775132805109
36,0.028412718791514635,0.009544615051709116,0.007978788344189525,0.0013586505956482142,0.45353903621435165,0.051089671440422535,0.02840279508382082,0.0095693024341017,0.007640311261638999,0.0013567859277827665,0.4392022117972374,0.05036290641874075,0.03153642825782299,0.010831114836037159,0.00959892338141799,0.0013756426778854802,0.5018264576792717,0.05662775132805109
37,0.028421722818166018,0.009546516695991158,0.007554878713563085,0.0013575518678408116,0.44479773193597794,0.05066160950809717,0.028242878150194883,0.009388554841279984,0.0076739601790905,0.0013590690796263516,0.4359030947089195,0.05003803316503763,0.03153642825782299,0.010831114836037159,0.00959892338141799,0.0013756426778854802,0.5018264576792717,0.05662775132805109
38,0.028318423312157393,0.009516567108221352,0.007807052577845752,0.0013564478140324354,0.44298602640628815,0.05046772584319115,0.0281307240948081,0.009441523347049952,0.007737210136838257,0.0013565305416705087,0.4333103522658348,0.04979624226689339,0.03153642825782299,0.010831114836037159,0.00959892338141799,0.0013756426778854802,0.5018264576792717,0.05662775132805109
39,0.02817332255654037,0.009406157943885773,0.007791013573296368,0.0013577454228652641,0.43950870633125305,0.05014875903725624,0.028052943758666515,0.009273340227082372,0.0074794761603698134,0.0013571427116403356,0.4263913258910179,0.049372510984539986,0.03153642825782299,0.010831114836037159,0.00959892338141799,0.0013756426778854802,0.5018264576792717,0.05662775132805109
40,0.028310490772128105,0.009390355320647359,0.007543486775830388,0.0013547518756240606,0.44696179032325745,0.05065858084708452,0.028091454412788153,0.009374039713293314,0.007816296420060098,0.001356485256110318,0.43673384189605713,0.04992814548313618,0.03153642825782299,0.010831114836037159,0.00959892338141799,0.0013756426778854802,0.5018264576792717,0.05662775132805109
41,0.02814756380394101,0.009443577262572944,0.008121883729472756,0.0013574945332948118,0.4366067424416542,0.049977900460362434,0.028059047646820545,0.009276015684008598,0.00785491755232215,0.0013576690689660609,0.43362919986248016,0.0497405081987381,0.03153642825782299,0.010831114836037159,0.00959892338141799,0.0013756426778854802,0.5018264576792717,0.05662775132805109
42,0.028136695735156536,0.009320165496319532,0.007641040487214923,0.0013565332628786564,0.44754012674093246,0.050513701513409615,0.02788425562903285,0.009096383699215949,0.007611994864419103,0.0013594418269349262,0.42463092505931854,0.049115803092718124,0.03153642825782299,0.010831114836037159,0.00959892338141799,0.0013756426778854802,0.5018264576792717,0.05662775132805109
43,0.02812170283868909,0.009258194477297366,0.007844741339795291,0.0013607552682515234,0.4352113753557205,0.04988227132707834,0.0281252502463758,0.009426018921658397,0.007280027028173208,0.001357299232040532,0.4239071309566498,0.049320606514811516,0.03153642825782299,0.010831114836037159,0.00959892338141799,0.0013756426778854802,0.5018264576792717,0.05662775132805109
44,0.028038821183145046,0.009251624927856028,0.007292908849194646,0.0013552109303418547,0.43945301324129105,0.05001147277653217,0.02781811309978366,0.00901861721649766,0.007424571900628507,0.0013567785208579153,0.41780150681734085,0.04870818927884102,0.03153642825782299,0.010831114836037159,0.00959892338141799,0.0013756426778854802,0.5018264576792717,0.05662775132805109
45,0.027872432954609394,0.009207782335579395,0.007737421663478017,0.001360032067168504,0.42577291280031204,0.049161079339683056,0.027686496265232563,0.009153462713584304,0.007505532004870474,0.0013585785927716643,0.4150683432817459,0.04843991436064243,0.03153642825782299,0.010831114836037159,0.00959892338141799,0.0013756426778854802,0.5018264576792717,0.05662775132805109
46,0.027668050955981016,0.009026255109347403,0.007589753717184067,0.0013572999159805477,0.43157558143138885,0.0492468299344182,0.027645279187709093,0.00896223506424576,0.0071802305756136775,0.001354792359052226,0.40875254571437836,0.04808290675282478,0.03153642825782299,0.010831114836037159,0.00959892338141799,0.0013756426778854802,0.5018264576792717,0.05662775132805109
47,0.027795379515737295,0.009059748379513621,0.007244110805913806,0.0013548423012252897,0.40919244289398193,0.04825500212609768,0.027668298687785864,0.009012428810819983,0.007473091944120824,0.0013574641197919846,0.41658965498209,0.04849778115749359,0.03153642825782299,0.010831114836037159,0.00959892338141799,0.0013756426778854802,0.5018264576792717,0.05662775132805109
48,0.02768671466037631,0.009083242272026837,0.007809841772541404,0.0013592838658951223,0.41592180728912354,0.048482805490493774,0.027500369120389223,0.008816919289529324,0.007489295210689306,0.0013562981475843117,0.40474437177181244,0.04773758910596371,0.03153642825782299,0.010831114836037159,0.00959892338141799,0.0013756426778854802,0.5018264576792717,0.05662775132805109
49,0.02774723945185542,0.008907778072170913,0.007476104772649705,0.001355480868369341,0.4115353003144264,0.048324004746973515,0.02752777747809887,0.008789771236479282,0.007173414924181998,0.001357430752250366,0.399045966565609,0.0474800756201148,0.03153642825782299,0.010831114836037159,0.00959892338141799,0.0013756426778854802,0.5018264576792717,0.05662775132805109
50,0.02753827441483736,0.008904299698770046,0.0074690672336146235,0.0013572218012996018,0.40598027408123016,0.04783728811889887,0.027453626971691847,0.008792345179244876,0.0075920248636975884,0.001357723682303913,0.39606422185897827,0.04725683853030205,0.03153642825782299,0.010831114836037159,0.00959892338141799,0.0013756426778854802,0.5018264576792717,0.05662775132805109
51,0.027472492773085833,0.008813609601929784,0.007079111295752227,0.001357213594019413,0.4025696739554405,0.04760097712278366,0.027602020651102066,0.00890852662269026,0.007090096361935139,0.0013549089489970356,0.3924567922949791,0.047224859707057476,0.03153642825782299,0.010831114836037159,0.00959892338141799,0.0013756426778854802,0.5018264576792717,0.05662775132805109
52,0.02754106279462576,0.008882308029569685,0.007829279755242169,0.0013561807572841644,0.4101778566837311,0.04804995562881231,0.027351247612386942,0.008679515914991498,0.0073615460423752666,0.0013539847859647125,0.401301272213459,0.04741631168872118,0.03153642825782299,0.010831114836037159,0.00959892338141799,0.0013756426778854802,0.5018264576792717,0.05662775132805109
53,0.027424327097833157,0.008811562089249492,0.007336798240430653,0.0013558012142311782,0.40635575354099274,0.04774211626499891,0.02727757953107357,0.008653530851006508,0.007111143902875483,0.001356490611215122,0.3956955671310425,0.047062357887625694,0.03153642825782299,0.010831114836037159,0.00959892338141799,0.0013756426778854802,0.5018264576792717,0.05662775132805109
54,0.027406918816268444,0.008652635617181659,0.0071432217955589294,0.0013541480002459139,0.4114520102739334,0.04797951877117157,0.027547612320631742,0.008857260807417333,0.007183227222412825,0.0013555687328334898,0.40013328194618225,0.04755427595227957,0.03153642825782299,0.010831114836037159,0.00959892338141799,0.0013756426778854802,0.5018264576792717,0.05662775132805109
55,0.027647253591567278,0.008945904672145844,0.007673079147934914,0.0013572726165875793,0.40827325731515884,0.04806091729551554,0.0274056363850832,0.008755146875046194,0.00786945060826838,0.0013625900173792616,0.39555802196264267,0.04718353692442179,0.03153642825782299,0.010831114836037159,0.00959892338141799,0.0013756426778854802,0.5018264576792717,0.05662775132805109
56,0.027553796768188477,0.008887780830264091,0.007515819161199033,0.0013596003991551697,0.40972039848566055,0.048039818182587624,0.02737616328522563,0.008667009766213596,0.007073236396536231,0.0013511779688997194,0.3968118578195572,0.04721675626933575,0.03153642825782299,0.010831114836037159,0.00959892338141799,0.0013756426778854802,0.5018264576792717,0.05662775132805109
57,0.027446122840046883,0.008708008215762675,0.007546470733359456,0.0013543046661652625,0.4103459045290947,0.04796341713517904,0.027372454293072224,0.008866812335327268,0.007301931735128164,0.0013567369896918535,0.4057319834828377,0.04765905346721411,0.03153642825782299,0.010831114836037159,0.00959892338141799,0.0013756426778854802,0.5018264576792717,0.05662775132805109
58,0.02742976089939475,0.00880406133364886,0.007157204556278884,0.0013580707309301943,0.40467242151498795,0.04766338225454092,0.027190619148314,0.008487798157148063,0.00712440290953964,0.0013562688400270417,0.3873138800263405,0.04655631352216005,0.03153642825782299,0.010831114836037159,0.00959892338141799,0.0013756426778854802,0.5018264576792717,0.05662775132805109
59,0.02718032570555806,0.008522960473783314,0.007218702579848468,0.001355011758278124,0.3889881670475006,0.046629736199975014,0.026941472431644797,0.008495508460327983,0.007252484676428139,0.0013546645495807752,0.3817126750946045,0.046027107164263725,0.03153642825782299,0.010831114836037159,0.00959892338141799,0.0013756426778854802,0.5018264576792717,0.05662775132805109
60,0.027049509808421135,0.00852304045110941,0.007285760948434472,0.0013545504480134696,0.38723114877939224,0.046411069110035896,0.026812601136043668,0.008328364579938352,0.006968968780711293,0.0013556971243815497,0.37694643437862396,0.04565992299467325,0.03153642825782299,0.010831114836037159,0.00959892338141799,0.0013756426778854802,0.5018264576792717,0.05662775132805109
61,0.026934337336570024,0.008380788727663457,0.007092647370882332,0.001355829939711839,0.38731467723846436,0.0463000712916255,0.02684611827135086,0.008363715431187302,0.006876589497551322,0.0013531878794310614,0.36904770880937576,0.04529850371181965,0.03153642825782299,0.010831114836037159,0.00959892338141799,0.0013756426778854802,0.5018264576792717,0.05662775132805109
62,0.02691303100436926,0.00838292099069804,0.006895150174386799,0.0013531743607018143,0.38033120334148407,0.04592959117144346,0.026523630134761333,0.00814061431447044,0.00692198658362031,0.0013503323280019686,0.3664671406149864,0.044846988283097744,0.03153642825782299,0.010831114836037159,0.00959892338141799,0.0013756426778854802,0.5018264576792717,0.05662775132805109
63,0.02675732411444187,0.008305376628413796,0.006944817723706365,0.0013514334277715534,0.37812595069408417,0.045663622207939625,0.02648888062685728,0.008123393403366208,0.00692639360204339,0.0013556833728216588,0.3641052022576332,0.044694141484797,0.03153642825782299,0.010831114836037159,0.00959892338141799,0.0013756426778854802,0.5018264576792717,0.05662775132805109
64,0.02662638435140252,0.008180972770787776,0.006941797095350921,0.0013548546703532338,0.38636406511068344,0.045944588258862495,0.026565755950286984,0.00825595494825393,0.00692899408750236,0.0013518745545297861,0.36795172095298767,0.044963342137634754,0.03153642825782299,0.010831114836037159,0.00959892338141799,0.0013756426778854802,0.5018264576792717,0.05662775132805109
65,0.026552613358944654,0.008198738796636462,0.007085890043526888,0.0013524415844585747,0.3817930519580841,0.04564226604998112,0.02673767344094813,0.008217735565267503,0.006758189876563847,0.0013543064706027508,0.36795350164175034,0.04513535089790821,0.03153642825782299,0.010831114836037159,0.00959892338141799,0.0013756426778854802,0.5018264576792717,0.05662775132805109
66,0.026860789861530066,0.008262594696134329,0.00697187939658761,0.0013534469180740416,0.37863948941230774,0.04579276405274868,0.02688278630375862,0.008277748944237828,0.006662769475951791,0.0013494451850419864,0.381160244345665,0.045940798707306385,0.03153642825782299,0.010831114836037159,0.00959892338141799,0.0013756426778854802,0.5018264576792717,0.05662775132805109
67,0.026569973677396774,0.008195977774448693,0.006789274630136788,0.0013535271573346108,0.3827201724052429,0.045705982483923435,0.026394895976409316,0.008119374397210777,0.007672590319998562,0.0013577444333350286,0.37405042350292206,0.04509741812944412,0.03153642825782299,0.010831114836037159,0.00959892338141799,0.0013756426778854802,0.5018264576792717,0.05662775132805109
68,0.026500097010284662,0.008121056016534567,0.007101537776179612,0.001356794557068497,0.38457736372947693,0.045728965662419796,0.026413070503622293,0.007953678781632334,0.006416659685783088,0.0013533462333725765,0.3662619963288307,0.044726171530783176,0.03153642825782299,0.010831114836037159,0.00959892338141799,0.0013756426778854802,0.5018264576792717,0.05662775132805109
69,0.02636040234938264,0.00799674226436764,0.006777690374292433,0.001354358741082251,0.36931854486465454,0.04482632875442505,0.026245563058182597,0.008004055765923113,0.006634674151428044,0.0013571032468462363,0.364596888422966,0.044475406408309937,0.03153642825782299,0.010831114836037159,0.00959892338141799,0.0013756426778854802,0.5018264576792717,0.05662775132805109
70,0.026262229774147272,0.007987256161868572,0.006745889317244291,0.0013575372868217528,0.36788537353277206,0.04465649928897619,0.026145177194848657,0.007892130932305008,0.006383670028299093,0.0013508923002518713,0.3639763295650482,0.04434399493038654,0.03153642825782299,0.010831114836037159,0.00959892338141799,0.0013756426778854802,0.5018264576792717,0.05662775132805109
71,0.026295752730220556,0.007954060449264944,0.006616663653403521,0.0013535531761590391,0.3714732974767685,0.04486941732466221,0.02623187005519867,0.007882293371949345,0.006536253960803151,0.0013529996504075825,0.35858988016843796,0.0441613644361496,0.03153642825782299,0.010831114836037159,0.00959892338141799,0.0013756426778854802,0.5018264576792717,0.05662775132805109
72,0.02641200227662921,0.007937311311252415,0.006744934944435954,0.0013538205530494452,0.3729948028922081,0.0450617428869009,0.026129503035917878,0.007856896729208529,0.0067949178628623486,0.001351957136648707,0.35735585540533066,0.04399729613214731,0.03153642825782299,0.010831114836037159,0.00959892338141799,0.0013756426778854802,0.5018264576792717,0.05662775132805109
73,0.026082917116582394,0.007861403631977737,0.007040365831926465,0.0013547988783102483,0.3589404299855232,0.044029938988387585,0.026072818553075194,0.007758306572213769,0.006278064684011042,0.0013560149818658829,0.34839996695518494,0.0434928173199296,0.03153642825782299,0.010831114836037159,0.00959892338141799,0.0013756426778854802,0.5018264576792717,0.05662775132805109
74,0.026316300965845585,0.007831967901438475,0.006701545440591872,0.0013554429460782558,0.35611317306756973,0.044121960178017616,0.025903291534632444,0.007722783018834889,0.006314727710559964,0.0013535585021600127,0.35334647446870804,0.04357061628252268,0.03153642825782299,0.010831114836037159,0.00959892338141799,0.0013756426778854802,0.5018264576792717,0.05662775132805109
75,0.0259422161616385,0.0077911256812512875,0.006799637107178569,0.001355023094220087,0.3588438034057617,0.04388440679758787,0.025841069407761097,0.0076577442814596,0.006310304976068437,0.0013527242263080552,0.3497926592826843,0.04333070293068886,0.03153642825782299,0.010831114836037159,0.00959892338141799,0.0013756426778854802,0.5018264576792717,0.05662775132805109
76,0.026152641512453556,0.007755068130791187,0.006925887078978121,0.0013525419926736504,0.35320044308900833,0.04381266422569752,0.025748544838279486,0.007573300274088979,0.006710845045745373,0.0013509232812793925,0.34878958761692047,0.043188026174902916,0.03153642825782299,0.010831114836037159,0.00959892338141799,0.0013756426778854802,0.5018264576792717,0.05662775132805109
77,0.026003277860581875,0.007748744683340192,0.006667176727205515,0.0013511432916857302,0.3596063181757927,0.04398359451442957,0.025690162321552634,0.007540983322542161,0.006393952178768814,0.0013518790947273374,0.3433014452457428,0.04285523574799299,0.03153642825782299,0.010831114836037159,0.00959892338141799,0.0013756426778854802,0.5018264576792717,0.05662775132805109
78,0.025812565349042416,0.007569611305370927,0.006260624271817505,0.0013513902958948165,0.35367199778556824,0.04349616542458534,0.025440119905397296,0.007365204452071339,0.006260124035179615,0.0013518756459234282,0.338693268597126,0.04237478319555521,0.03153642825782299,0.010831114836037159,0.00959892338141799,0.0013756426778854802,0.5018264576792717,0.05662775132805109
79,0.025573301129043102,0.007486218120902777,0.006643519620411098,0.0013527505216188729,0.3487000912427902,0.04300830606371164,0.02547174086794257,0.007424651528708637,0.006228415411897004,0.001349666024907492,0.34220554679632187,0.04258201830089092,0.03153642825782299,0.010831114836037159,0.00959892338141799,0.0013756426778854802,0.5018264576792717,0.05662775132805109
80,0.025532383006066084,0.007413282059133053,0.00617376109585166,0.0013506132527254522,0.34570199996232986,0.042817482724785805,0.02537418343126774,0.0073665742529556155,0.0061293174512684345,0.0013544669200200588,0.33844152837991714,0.042296258732676506,0.03153642825782299,0.010831114836037159,0.00959892338141799,0.0013756426778854802,0.5018264576792717,0.05662775132805109
81,0.02546435361728072,0.007399914204142988,0.0062767756171524525,0.001355850079562515,0.34354857355356216,0.04264178313314915,0.02561735874041915,0.007408556411974132,0.00586409296374768,0.0013530107244150713,0.33894653618335724,0.04256468499079347,0.03153642825782299,0.010831114836037159,0.00959892338141799,0.0013756426778854802,0.5018264576792717,0.05662775132805109
82,0.025644596200436354,0.007430435391142964,0.00603765225969255,0.0013544339453801513,0.34093082696199417,0.042691138572990894,0.02524139592424035,0.0072426453698426485,0.006665030959993601,0.0013569575821748003,0.3379112258553505,0.04213695880025625,0.03153642825782299,0.010831114836037159,0.00959892338141799,0.0013756426778854802,0.5018264576792717,0.05662775132805109
83,0.025497193913906813,0.007403476280160248,0.006360672763548791,0.0013556929916376248,0.3475111722946167,0.04287275392562151,0.025180940749123693,0.007198720704764128,0.006286531453952193,0.0013533055316656828,0.3357475623488426,0.04196831863373518,0.03153642825782299,0.010831114836037159,0.00959892338141799,0.0013756426778854802,0.5018264576792717,0.05662775132805109
84,0.025332781951874495,0.007302608457393944,0.006288672797381878,0.0013513560115825385,0.33807655423879623,0.042236609384417534,0.02514800033532083,0.007190432515926659,0.006263593910261989,0.0013518315827241167,0.3319804146885872,0.04174702148884535,0.03153642825782299,0.010831114836037159,0.00959892338141799,0.0013756426778854802,0.5018264576792717,0.05662775132805109
85,0.02525089355185628,0.007262405939400196,0.00632845819927752,0.001355656364466995,0.34092121571302414,0.04229695349931717,0.025211289757862687,0.00711124821100384,0.005764319677837193,0.0013557292550103739,0.3312830403447151,0.041775443591177464,0.03153642825782299,0.010831114836037159,0.00959892338141799,0.0013756426778854802,0.5018264576792717,0.05662775132805109
86,0.02514581335708499,0.007157692336477339,0.005663812276907265,0.0013545707915909588,0.33553755283355713,0.04192269127815962,0.024950208142399788,0.00716929929330945,0.006436370778828859,0.0013535722973756492,0.32916130125522614,0.04140827339142561,0.03153642825782299,0.010831114836037159,0.00959892338141799,0.0013756426778854802,0.5018264576792717,0.05662775132805109
87,0.025141851045191288,0.0072475726483389735,0.00649277213960886,0.0013537869963329285,0.3363371640443802,0.04195871017873287,0.024969943100586534,0.007074015855323523,0.005993891856633127,0.0013515522878151387,0.3357984200119972,0.04175986349582672,0.03153642825782299,0.010831114836037159,0.00959892338141799,0.0013756426778854802,0.5018264576792717,0.05662775132805109
88,0.02542419219389558,0.007417100481688976,0.0060168622294440866,0.0013524879759643227,0.36122678965330124,0.04348553158342838,0.02512580412440002,0.007183322566561401,0.006548708770424128,0.0013471667625708506,0.34578631818294525,0.042415120638906956,0.03153642825782299,0.010831114836037159,0.00959892338141799,0.0013756426778854802,0.5018264576792717,0.05662775132805109
89,0.025411854032427073,0.007337281014770269,0.006126416032202542,0.0013465897645801306,0.35740530490875244,0.04328211955726147,0.025320464512333274,0.007430530618876219,0.006018287851475179,0.0013509267009794712,0.3475128412246704,0.04269610624760389,0.03153642825782299,0.010831114836037159,0.00959892338141799,0.0013756426778854802,0.5018264576792717,0.05662775132805109
90,0.025339351035654545,0.007421760121360421,0.006347822141833603,0.0013518244959414005,0.35059094429016113,0.0428688982501626,0.02503890939988196,0.007089480757713318,0.005835260380990803,0.0013500296918209642,0.33167554438114166,0.041622686199843884,0.03153642825782299,0.010831114836037159,0.00959892338141799,0.0013756426778854802,0.5018264576792717,0.05662775132805109
91,0.025298587512224913,0.007258416968397796,0.005790898227132857,0.001348532852716744,0.34217486530542374,0.04240733105689287,0.02489685290493071,0.007114411215297878,0.006010679993778467,0.0013496202300302684,0.33244238793849945,0.04151897132396698,0.03153642825782299,0.010831114836037159,0.00959892338141799,0.0013756426778854802,0.5018264576792717,0.05662775132805109
92,0.02511384291574359,0.007202450418844819,0.006098532932810485,0.0013502276851795614,0.3481508791446686,0.042521387338638306,0.0248734331689775,0.007020313700195402,0.0058014653623104095,0.001353170009679161,0.33435503393411636,0.041591186076402664,0.03153642825782299,0.010831114836037159,0.00959892338141799,0.0013756426778854802,0.5018264576792717,0.05662775132805109
93,0.02504896931350231,0.007110155886039138,0.00587689271196723,0.0013537397608160973,0.33746494352817535,0.04192221723496914,0.024889803025871515,0.006989823130425066,0.006228412501513958,0.0013541607622755691,0.33071399480104446,0.041425502859055996,0.03153642825782299,0.010831114836037159,0.00959892338141799,0.0013756426778854802,0.5018264576792717,0.05662775132805109
94,0.024945582263171673,0.007047924445942044,0.006027445138897747,0.0013529023417504504,0.3426563963294029,0.04207840282469988,0.025220305658876896,0.007098763540852815,0.005818362697027624,0.001347859884845093,0.34556175768375397,0.042498393915593624,0.03153642825782299,0.010831114836037159,0.00959892338141799,0.0013756426778854802,0.5018264576792717,0.05662775132805109
95,0.02522745868191123,0.007164298905991018,0.00582889758516103,0.001347889454336837,0.34485750645399094,0.042470334097743034,0.025126264663413167,0.007253995107021183,0.007443886366672814,0.0013527953124139458,0.3336528092622757,0.04180890507996082,0.03153642825782299,0.010831114836037159,0.00959892338141799,0.0013756426778854802,0.5018264576792717,0.05662775132805109
96,0.025281312875449657,0.0072601338615641,0.0070494686951860785,0.0013504922098945826,0.34198763221502304,0.042380696162581444,0.02503824792802334,0.007033869391307235,0.0057861473178491,0.001351576196611859,0.3215439021587372,0.041115443687886,0.03153642825782299,0.010831114836037159,0.00959892338141799,0.0013756426778854802,0.5018264576792717,0.05662775132805109
97,0.024947804398834705,0.007027740124613047,0.006286267191171646,0.0013541602238547057,0.3255549296736717,0.041225552558898926,0.02498946711421013,0.007192761870101094,0.0059288013726472855,0.001348725811112672,0.3375784531235695,0.04186838958412409,0.03153642825782299,0.010831114836037159,0.00959892338141799,0.0013756426778854802,0.5018264576792717,0.05662775132805109
98,0.02493195701390505,0.007108796038664877,0.006049317424185574,0.0013510081334970891,0.3339751809835434,0.041630715131759644,0.024686054326593876,0.006789367645978928,0.0059187846491113305,0.0013491514400811866,0.32223736494779587,0.04079792322590947,0.03153642825782299,0.010831114836037159,0.00959892338141799,0.0013756426778854802,0.5018264576792717,0.05662775132805109
99,0.024725405033677816,0.006856416584923863,0.005675637279637158,0.0013486967363860458,0.33395519852638245,0.04142316523939371,0.02443641610443592,0.006728129577822983,0.005676120461430401,0.0013481888599926606,0.3194269388914108,0.040407763328403234,0.03153642825782299,0.010831114836037159,0.00959892338141799,0.0013756426778854802,0.5018264576792717,0.05662775132805109
100,0.024569029919803143,0.00677289767190814,0.005847686668857932,0.001349894650047645,0.32687218487262726,0.040912638418376446,0.024491710355505347,0.006771240965463221,0.005455482169054449,0.0013457559398375452,0.3203043267130852,0.04050692589953542,0.03153642825782299,0.010831114836037159,0.00959892338141799,0.0013756426778854802,0.5018264576792717,0.05662775132805109
